<!--
    Input:
        device/mediatek/vendor/common/project_manifest/odm_manifest_ss.xml
        device/mediatek/vendor/common/project_manifest/odm_manifest_op_ss.xml
        device/mediatek/vendor/common/project_manifest/odm_manifest_secure_element_ss_ese.xml
-->
<manifest version="7.0" type="device">
    <hal format="aidl" override="true">
        <name>android.hardware.radio.data</name>
        <version>2</version>
        <fqname>IRadioData/slot1</fqname>
    </hal>
    <hal format="aidl" override="true">
        <name>android.hardware.radio.ims</name>
        <fqname>IRadioIms/slot1</fqname>
    </hal>
    <hal format="aidl" override="true">
        <name>android.hardware.radio.messaging</name>
        <version>2</version>
        <fqname>IRadioMessaging/slot1</fqname>
    </hal>
    <hal format="aidl" override="true">
        <name>android.hardware.radio.modem</name>
        <version>2</version>
        <fqname>IRadioModem/imsSlot1</fqname>
        <fqname>IRadioModem/se1</fqname>
        <fqname>IRadioModem/slot1</fqname>
    </hal>
    <hal format="aidl" override="true">
        <name>android.hardware.radio.network</name>
        <version>2</version>
        <fqname>IRadioNetwork/imsSlot1</fqname>
        <fqname>IRadioNetwork/slot1</fqname>
    </hal>
    <hal format="aidl" override="true">
        <name>android.hardware.radio.sap</name>
        <fqname>ISap/slot1</fqname>
    </hal>
    <hal format="aidl" override="true">
        <name>android.hardware.radio.sim</name>
        <version>2</version>
        <fqname>IRadioSim/imsSlot1</fqname>
        <fqname>IRadioSim/se1</fqname>
        <fqname>IRadioSim/slot1</fqname>
    </hal>
    <hal format="aidl" override="true">
        <name>android.hardware.radio.voice</name>
        <version>2</version>
        <fqname>IRadioVoice/imsSlot1</fqname>
        <fqname>IRadioVoice/slot1</fqname>
    </hal>
    <hal format="aidl" override="true">
        <name>android.hardware.secure_element</name>
        <fqname>ISecureElement/SIM1</fqname>
        <fqname>ISecureElement/eSE1</fqname>
    </hal>
    <hal format="aidl" override="true">
        <name>vendor.mediatek.hardware.mtkradioex.data</name>
        <version>2</version>
        <fqname>IMtkRadioExData/slot1</fqname>
    </hal>
    <hal format="aidl" override="true">
        <name>vendor.mediatek.hardware.mtkradioex.ims</name>
        <fqname>IMtkRadioExIms/slot1</fqname>
    </hal>
    <hal format="aidl" override="true">
        <name>vendor.mediatek.hardware.mtkradioex.messaging</name>
        <fqname>IMtkRadioExMessaging/slot1</fqname>
    </hal>
    <hal format="aidl" override="true">
        <name>vendor.mediatek.hardware.mtkradioex.modem</name>
        <version>2</version>
        <fqname>IMtkRadioExModem/slot1</fqname>
    </hal>
    <hal format="aidl" override="true">
        <name>vendor.mediatek.hardware.mtkradioex.network</name>
        <fqname>IMtkRadioExNetwork/slot1</fqname>
    </hal>
    <hal format="aidl" override="true">
        <name>vendor.mediatek.hardware.mtkradioex.rcs</name>
        <fqname>IMtkRadioExRcs/slot1</fqname>
    </hal>
    <hal format="aidl" override="true">
        <name>vendor.mediatek.hardware.mtkradioex.sim</name>
        <fqname>IMtkRadioExSim/slot1</fqname>
    </hal>
    <hal format="aidl" override="true">
        <name>vendor.mediatek.hardware.mtkradioex.voice</name>
        <fqname>IMtkRadioExVoice/slot1</fqname>
    </hal>
</manifest>
