<!--
    Input:
        device/mediatek/vendor/common/project_manifest/odm_manifest_qsqs.xml
        device/mediatek/vendor/common/project_manifest/odm_manifest_op_qsqs.xml
        device/mediatek/vendor/common/project_manifest/odm_manifest_secure_element_qsqs_ese.xml
-->
<manifest version="7.0" type="device">
    <hal format="aidl" override="true">
        <name>android.hardware.radio.data</name>
        <version>2</version>
        <fqname>IRadioData/slot1</fqname>
        <fqname>IRadioData/slot2</fqname>
        <fqname>IRadioData/slot3</fqname>
        <fqname>IRadioData/slot4</fqname>
    </hal>
    <hal format="aidl" override="true">
        <name>android.hardware.radio.ims</name>
        <fqname>IRadioIms/slot1</fqname>
        <fqname>IRadioIms/slot2</fqname>
        <fqname>IRadioIms/slot3</fqname>
        <fqname>IRadioIms/slot4</fqname>
    </hal>
    <hal format="aidl" override="true">
        <name>android.hardware.radio.messaging</name>
        <version>2</version>
        <fqname>IRadioMessaging/slot1</fqname>
        <fqname>IRadioMessaging/slot2</fqname>
        <fqname>IRadioMessaging/slot3</fqname>
        <fqname>IRadioMessaging/slot4</fqname>
    </hal>
    <hal format="aidl" override="true">
        <name>android.hardware.radio.modem</name>
        <version>2</version>
        <fqname>IRadioModem/imsSlot1</fqname>
        <fqname>IRadioModem/imsSlot2</fqname>
        <fqname>IRadioModem/imsSlot3</fqname>
        <fqname>IRadioModem/imsSlot4</fqname>
        <fqname>IRadioModem/se1</fqname>
        <fqname>IRadioModem/se2</fqname>
        <fqname>IRadioModem/se3</fqname>
        <fqname>IRadioModem/se4</fqname>
        <fqname>IRadioModem/slot1</fqname>
        <fqname>IRadioModem/slot2</fqname>
        <fqname>IRadioModem/slot3</fqname>
        <fqname>IRadioModem/slot4</fqname>
    </hal>
    <hal format="aidl" override="true">
        <name>android.hardware.radio.network</name>
        <version>2</version>
        <fqname>IRadioNetwork/imsSlot1</fqname>
        <fqname>IRadioNetwork/imsSlot2</fqname>
        <fqname>IRadioNetwork/imsSlot3</fqname>
        <fqname>IRadioNetwork/imsSlot4</fqname>
        <fqname>IRadioNetwork/slot1</fqname>
        <fqname>IRadioNetwork/slot2</fqname>
        <fqname>IRadioNetwork/slot3</fqname>
        <fqname>IRadioNetwork/slot4</fqname>
    </hal>
    <hal format="aidl" override="true">
        <name>android.hardware.radio.sap</name>
        <fqname>ISap/slot1</fqname>
        <fqname>ISap/slot2</fqname>
        <fqname>ISap/slot3</fqname>
        <fqname>ISap/slot4</fqname>
    </hal>
    <hal format="aidl" override="true">
        <name>android.hardware.radio.sim</name>
        <version>2</version>
        <fqname>IRadioSim/imsSlot1</fqname>
        <fqname>IRadioSim/imsSlot2</fqname>
        <fqname>IRadioSim/imsSlot3</fqname>
        <fqname>IRadioSim/imsSlot4</fqname>
        <fqname>IRadioSim/se1</fqname>
        <fqname>IRadioSim/se2</fqname>
        <fqname>IRadioSim/se3</fqname>
        <fqname>IRadioSim/se4</fqname>
        <fqname>IRadioSim/slot1</fqname>
        <fqname>IRadioSim/slot2</fqname>
        <fqname>IRadioSim/slot3</fqname>
        <fqname>IRadioSim/slot4</fqname>
    </hal>
    <hal format="aidl" override="true">
        <name>android.hardware.radio.voice</name>
        <version>2</version>
        <fqname>IRadioVoice/imsSlot1</fqname>
        <fqname>IRadioVoice/imsSlot2</fqname>
        <fqname>IRadioVoice/imsSlot3</fqname>
        <fqname>IRadioVoice/imsSlot4</fqname>
        <fqname>IRadioVoice/slot1</fqname>
        <fqname>IRadioVoice/slot2</fqname>
        <fqname>IRadioVoice/slot3</fqname>
        <fqname>IRadioVoice/slot4</fqname>
    </hal>
    <hal format="aidl" override="true">
        <name>android.hardware.secure_element</name>
        <fqname>ISecureElement/SIM1</fqname>
        <fqname>ISecureElement/SIM2</fqname>
        <fqname>ISecureElement/SIM3</fqname>
        <fqname>ISecureElement/SIM4</fqname>
        <fqname>ISecureElement/eSE1</fqname>
    </hal>
    <hal format="aidl" override="true">
        <name>vendor.mediatek.hardware.mtkradioex.data</name>
        <version>2</version>
        <fqname>IMtkRadioExData/slot1</fqname>
        <fqname>IMtkRadioExData/slot2</fqname>
        <fqname>IMtkRadioExData/slot3</fqname>
        <fqname>IMtkRadioExData/slot4</fqname>
    </hal>
    <hal format="aidl" override="true">
        <name>vendor.mediatek.hardware.mtkradioex.ims</name>
        <fqname>IMtkRadioExIms/slot1</fqname>
        <fqname>IMtkRadioExIms/slot2</fqname>
        <fqname>IMtkRadioExIms/slot3</fqname>
        <fqname>IMtkRadioExIms/slot4</fqname>
    </hal>
    <hal format="aidl" override="true">
        <name>vendor.mediatek.hardware.mtkradioex.messaging</name>
        <fqname>IMtkRadioExMessaging/slot1</fqname>
        <fqname>IMtkRadioExMessaging/slot2</fqname>
        <fqname>IMtkRadioExMessaging/slot3</fqname>
        <fqname>IMtkRadioExMessaging/slot4</fqname>
    </hal>
    <hal format="aidl" override="true">
        <name>vendor.mediatek.hardware.mtkradioex.modem</name>
        <version>2</version>
        <fqname>IMtkRadioExModem/slot1</fqname>
        <fqname>IMtkRadioExModem/slot2</fqname>
        <fqname>IMtkRadioExModem/slot3</fqname>
        <fqname>IMtkRadioExModem/slot4</fqname>
    </hal>
    <hal format="aidl" override="true">
        <name>vendor.mediatek.hardware.mtkradioex.network</name>
        <fqname>IMtkRadioExNetwork/slot1</fqname>
        <fqname>IMtkRadioExNetwork/slot2</fqname>
        <fqname>IMtkRadioExNetwork/slot3</fqname>
        <fqname>IMtkRadioExNetwork/slot4</fqname>
    </hal>
    <hal format="aidl" override="true">
        <name>vendor.mediatek.hardware.mtkradioex.rcs</name>
        <fqname>IMtkRadioExRcs/slot1</fqname>
        <fqname>IMtkRadioExRcs/slot2</fqname>
        <fqname>IMtkRadioExRcs/slot3</fqname>
        <fqname>IMtkRadioExRcs/slot4</fqname>
    </hal>
    <hal format="aidl" override="true">
        <name>vendor.mediatek.hardware.mtkradioex.sim</name>
        <fqname>IMtkRadioExSim/slot1</fqname>
        <fqname>IMtkRadioExSim/slot2</fqname>
        <fqname>IMtkRadioExSim/slot3</fqname>
        <fqname>IMtkRadioExSim/slot4</fqname>
    </hal>
    <hal format="aidl" override="true">
        <name>vendor.mediatek.hardware.mtkradioex.voice</name>
        <fqname>IMtkRadioExVoice/slot1</fqname>
        <fqname>IMtkRadioExVoice/slot2</fqname>
        <fqname>IMtkRadioExVoice/slot3</fqname>
        <fqname>IMtkRadioExVoice/slot4</fqname>
    </hal>
</manifest>
